======================================
Day 7 - Week 1 Sprint Review
======================================

Step 1: Running Week 1 health check...
======================================
Week 1 Health Check
======================================

Check 1: LocalStack Status
PASS: LocalStack is running

Check 2: S3 Buckets
PASS: S3 buckets configured (2 buckets)

Check 3: Docker Images
PASS: Sample app image exists

Check 4: Test Suite
PASS: All tests passing

Check 5: Security Scanning
PASS: Trivy installed

Check 6: GitHub Actions
PASS: CI/CD workflow configured

======================================
Health Check Summary
======================================
Passed: 6
Failed: 0

ALL CHECKS PASSED - Week 1 Complete!

Step 2: Running complete test suite...
======================================
Running Complete Test Suite
======================================

Running unit tests...

> sample-app@1.0.0 test
> jest --coverage --testPathPattern=app.test.js

PASS tests/app.test.js
----------|---------|----------|---------|---------|-------------------
File      | % Stmts | % Branch | % Funcs | % Lines | Uncovered Line #s 
----------|---------|----------|---------|---------|-------------------
All files |      60 |      100 |       0 |      60 |                   
 app.js   |      60 |      100 |       0 |      60 | 6,12,20,27,34,43  
----------|---------|----------|---------|---------|-------------------
Jest: "global" coverage threshold for statements (80%) not met: 60%
Jest: "global" coverage threshold for lines (80%) not met: 60%
Jest: "global" coverage threshold for functions (80%) not met: 0%

Test Suites: 1 passed, 1 total
Tests:       1 passed, 1 total
Snapshots:   0 total
Time:        1.556 s, estimated 4 s
Ran all test suites matching /app.test.js/i.

Running integration tests...

> sample-app@1.0.0 test
> jest --coverage --testPathPattern=integration.test.js

PASS tests/integration.test.js
----------|---------|----------|---------|---------|-------------------
File      | % Stmts | % Branch | % Funcs | % Lines | Uncovered Line #s 
----------|---------|----------|---------|---------|-------------------
All files |     100 |      100 |     100 |     100 |                   
 app.js   |     100 |      100 |     100 |     100 |                   
----------|---------|----------|---------|---------|-------------------

Test Suites: 1 passed, 1 total
Tests:       4 passed, 4 total
Snapshots:   0 total
Time:        2.439 s, estimated 5 s
Ran all test suites matching /integration.test.js/i.

Running API tests...

> sample-app@1.0.0 test
> jest --coverage --testPathPattern=api.test.js

PASS tests/api.test.js
----------|---------|----------|---------|---------|-------------------
File      | % Stmts | % Branch | % Funcs | % Lines | Uncovered Line #s 
----------|---------|----------|---------|---------|-------------------
All files |     100 |      100 |     100 |     100 |                   
 app.js   |     100 |      100 |     100 |     100 |                   
----------|---------|----------|---------|---------|-------------------

Test Suites: 1 passed, 1 total
Tests:       15 passed, 15 total
Snapshots:   0 total
Time:        1.998 s, estimated 5 s
Ran all test suites matching /api.test.js/i.

Generating coverage report...

> sample-app@1.0.0 test
> jest --coverage --coverage

PASS tests/app.test.js
PASS tests/integration.test.js
PASS tests/api.test.js
----------|---------|----------|---------|---------|-------------------
File      | % Stmts | % Branch | % Funcs | % Lines | Uncovered Line #s 
----------|---------|----------|---------|---------|-------------------
All files |     100 |      100 |     100 |     100 |                   
 app.js   |     100 |      100 |     100 |     100 |                   
----------|---------|----------|---------|---------|-------------------

Test Suites: 3 passed, 3 total
Tests:       20 passed, 20 total
Snapshots:   0 total
Time:        5.499 s
Ran all test suites.

Running security scan...
Running Trivy security scan...
==============================
Image: sample-app:latest

Scanning for vulnerabilities...
2026-02-04T20:30:02+05:30	INFO	[vuln] Vulnerability scanning is enabled
2026-02-04T20:30:02+05:30	INFO	[secret] Secret scanning is enabled
2026-02-04T20:30:02+05:30	INFO	[secret] If your scanning is slow, please try '--scanners vuln' to disable secret scanning
2026-02-04T20:30:02+05:30	INFO	[secret] Please see https://trivy.dev/docs/v0.69/guide/scanner/secret#recommendation for faster secret detection
2026-02-04T20:30:10+05:30	WARN	[secret] The size of the scanned file is too large. It is recommended to use `--skip-files` for this file to avoid high memory consumption.	file_path="root/.npm/_cacache/content-v2/sha512/26/27/7f0997704ef4e284e04e133b7766935d1d09755efd32fc59d751532f8551774e96e7fac14859fdba58cb648e8f7c803505ae9073bc2080b3a08912868ca1" size (MB)=14
2026-02-04T20:30:14+05:30	WARN	[secret] The size of the scanned file is too large. It is recommended to use `--skip-files` for this file to avoid high memory consumption.	file_path="root/.npm/_cacache/content-v2/sha512/64/1f/fd5501632fa2b8a432d9e509a8a60df15d714c31dff4b40d2ba64e1210a1a8bfe098d41135b8a46b8b5fc54b5fdb69e26821c62dc192df46789e10818684" size (MB)=10
2026-02-04T20:30:30+05:30	INFO	Detected OS	family="alpine" version="3.21.3"
2026-02-04T20:30:30+05:30	INFO	[alpine] Detecting vulnerabilities...	os_version="3.21" repository="3.21" pkg_num=17
2026-02-04T20:30:30+05:30	INFO	Number of language-specific files	num=1
2026-02-04T20:30:30+05:30	INFO	[node-pkg] Detecting vulnerabilities...
2026-02-04T20:30:30+05:30	WARN	Using severities from other vendors for some vulnerabilities. Read https://trivy.dev/docs/v0.69/guide/scanner/vulnerability#severity-selection for details.

Generating summary...
2026-02-04T20:30:30+05:30	INFO	[vuln] Vulnerability scanning is enabled
2026-02-04T20:30:30+05:30	INFO	[secret] Secret scanning is enabled
2026-02-04T20:30:30+05:30	INFO	[secret] If your scanning is slow, please try '--scanners vuln' to disable secret scanning
2026-02-04T20:30:30+05:30	INFO	[secret] Please see https://trivy.dev/docs/v0.69/guide/scanner/secret#recommendation for faster secret detection
2026-02-04T20:30:31+05:30	INFO	Detected OS	family="alpine" version="3.21.3"
2026-02-04T20:30:31+05:30	INFO	[alpine] Detecting vulnerabilities...	os_version="3.21" repository="3.21" pkg_num=17
2026-02-04T20:30:31+05:30	INFO	Number of language-specific files	num=1
2026-02-04T20:30:31+05:30	INFO	[node-pkg] Detecting vulnerabilities...
2026-02-04T20:30:31+05:30	WARN	Using severities from other vendors for some vulnerabilities. Read https://trivy.dev/docs/v0.69/guide/scanner/vulnerability#severity-selection for details.
2026-02-04T20:30:31+05:30	INFO	Table result includes only package filenames. Use '--format json' option to get the full path to the package file.

Report Summary

┌──────────────────────────────────────────────────────────────────────────────────┬──────────┬─────────────────┬─────────┐
│                                      Target                                      │   Type   │ Vulnerabilities │ Secrets │
├──────────────────────────────────────────────────────────────────────────────────┼──────────┼─────────────────┼─────────┤
│ sample-app:latest (alpine 3.21.3)                                                │  alpine  │       27        │    -    │
├──────────────────────────────────────────────────────────────────────────────────┼──────────┼─────────────────┼─────────┤
│ app/node_modules/accepts/package.json                                            │ node-pkg │        0        │    -    │
├──────────────────────────────────────────────────────────────────────────────────┼──────────┼─────────────────┼─────────┤
│ app/node_modules/array-flatten/package.json                                      │ node-pkg │        0        │    -    │
├──────────────────────────────────────────────────────────────────────────────────┼──────────┼─────────────────┼─────────┤
│ app/node_modules/body-parser/package.json                                        │ node-pkg │        0        │    -    │
├──────────────────────────────────────────────────────────────────────────────────┼──────────┼─────────────────┼─────────┤
│ app/node_modules/bytes/package.json                                              │ node-pkg │        0        │    -    │
├──────────────────────────────────────────────────────────────────────────────────┼──────────┼─────────────────┼─────────┤
│ app/node_modules/call-bind-apply-helpers/package.json                            │ node-pkg │        0        │    -    │
├──────────────────────────────────────────────────────────────────────────────────┼──────────┼─────────────────┼─────────┤
│ app/node_modules/call-bound/package.json                                         │ node-pkg │        0        │    -    │
├──────────────────────────────────────────────────────────────────────────────────┼──────────┼─────────────────┼─────────┤
│ app/node_modules/content-disposition/package.json                                │ node-pkg │        0        │    -    │
├──────────────────────────────────────────────────────────────────────────────────┼──────────┼─────────────────┼─────────┤
│ app/node_modules/content-type/package.json                                       │ node-pkg │        0        │    -    │
├──────────────────────────────────────────────────────────────────────────────────┼──────────┼─────────────────┼─────────┤
│ app/node_modules/cookie-signature/package.json                                   │ node-pkg │        0        │    -    │
├──────────────────────────────────────────────────────────────────────────────────┼──────────┼─────────────────┼─────────┤
│ app/node_modules/cookie/package.json                                             │ node-pkg │        0        │    -    │
├──────────────────────────────────────────────────────────────────────────────────┼──────────┼─────────────────┼─────────┤
│ app/node_modules/debug/package.json                                              │ node-pkg │        0        │    -    │
├──────────────────────────────────────────────────────────────────────────────────┼──────────┼─────────────────┼─────────┤
│ app/node_modules/depd/package.json                                               │ node-pkg │        0        │    -    │
├──────────────────────────────────────────────────────────────────────────────────┼──────────┼─────────────────┼─────────┤
│ app/node_modules/destroy/package.json                                            │ node-pkg │        0        │    -    │
├──────────────────────────────────────────────────────────────────────────────────┼──────────┼─────────────────┼─────────┤
│ app/node_modules/dunder-proto/package.json                                       │ node-pkg │        0        │    -    │
├──────────────────────────────────────────────────────────────────────────────────┼──────────┼─────────────────┼─────────┤
│ app/node_modules/ee-first/package.json                                           │ node-pkg │        0        │    -    │
├──────────────────────────────────────────────────────────────────────────────────┼──────────┼─────────────────┼─────────┤
│ app/node_modules/encodeurl/package.json                                          │ node-pkg │        0        │    -    │
├──────────────────────────────────────────────────────────────────────────────────┼──────────┼─────────────────┼─────────┤
│ app/node_modules/es-define-property/package.json                                 │ node-pkg │        0        │    -    │
├──────────────────────────────────────────────────────────────────────────────────┼──────────┼─────────────────┼─────────┤
│ app/node_modules/es-errors/package.json                                          │ node-pkg │        0        │    -    │
├──────────────────────────────────────────────────────────────────────────────────┼──────────┼─────────────────┼─────────┤
│ app/node_modules/es-object-atoms/package.json                                    │ node-pkg │        0        │    -    │
├──────────────────────────────────────────────────────────────────────────────────┼──────────┼─────────────────┼─────────┤
│ app/node_modules/escape-html/package.json                                        │ node-pkg │        0        │    -    │
├──────────────────────────────────────────────────────────────────────────────────┼──────────┼─────────────────┼─────────┤
│ app/node_modules/etag/package.json                                               │ node-pkg │        0        │    -    │
├──────────────────────────────────────────────────────────────────────────────────┼──────────┼─────────────────┼─────────┤
│ app/node_modules/express/package.json                                            │ node-pkg │        0        │    -    │
├──────────────────────────────────────────────────────────────────────────────────┼──────────┼─────────────────┼─────────┤
│ app/node_modules/finalhandler/package.json                                       │ node-pkg │        0        │    -    │
├──────────────────────────────────────────────────────────────────────────────────┼──────────┼─────────────────┼─────────┤
│ app/node_modules/forwarded/package.json                                          │ node-pkg │        0        │    -    │
├──────────────────────────────────────────────────────────────────────────────────┼──────────┼─────────────────┼─────────┤
│ app/node_modules/fresh/package.json                                              │ node-pkg │        0        │    -    │
├──────────────────────────────────────────────────────────────────────────────────┼──────────┼─────────────────┼─────────┤
│ app/node_modules/function-bind/package.json                                      │ node-pkg │        0        │    -    │
├──────────────────────────────────────────────────────────────────────────────────┼──────────┼─────────────────┼─────────┤
│ app/node_modules/get-intrinsic/package.json                                      │ node-pkg │        0        │    -    │
├──────────────────────────────────────────────────────────────────────────────────┼──────────┼─────────────────┼─────────┤
│ app/node_modules/get-proto/package.json                                          │ node-pkg │        0        │    -    │
├──────────────────────────────────────────────────────────────────────────────────┼──────────┼─────────────────┼─────────┤
│ app/node_modules/gopd/package.json                                               │ node-pkg │        0        │    -    │
├──────────────────────────────────────────────────────────────────────────────────┼──────────┼─────────────────┼─────────┤
│ app/node_modules/has-symbols/package.json                                        │ node-pkg │        0        │    -    │
├──────────────────────────────────────────────────────────────────────────────────┼──────────┼─────────────────┼─────────┤
│ app/node_modules/hasown/package.json                                             │ node-pkg │        0        │    -    │
├──────────────────────────────────────────────────────────────────────────────────┼──────────┼─────────────────┼─────────┤
│ app/node_modules/http-errors/package.json                                        │ node-pkg │        0        │    -    │
├──────────────────────────────────────────────────────────────────────────────────┼──────────┼─────────────────┼─────────┤
│ app/node_modules/iconv-lite/package.json                                         │ node-pkg │        0        │    -    │
├──────────────────────────────────────────────────────────────────────────────────┼──────────┼─────────────────┼─────────┤
│ app/node_modules/inherits/package.json                                           │ node-pkg │        0        │    -    │
├──────────────────────────────────────────────────────────────────────────────────┼──────────┼─────────────────┼─────────┤
│ app/node_modules/ipaddr.js/package.json                                          │ node-pkg │        0        │    -    │
├──────────────────────────────────────────────────────────────────────────────────┼──────────┼─────────────────┼─────────┤
│ app/node_modules/math-intrinsics/package.json                                    │ node-pkg │        0        │    -    │
├──────────────────────────────────────────────────────────────────────────────────┼──────────┼─────────────────┼─────────┤
│ app/node_modules/media-typer/package.json                                        │ node-pkg │        0        │    -    │
├──────────────────────────────────────────────────────────────────────────────────┼──────────┼─────────────────┼─────────┤
│ app/node_modules/merge-descriptors/package.json                                  │ node-pkg │        0        │    -    │
├──────────────────────────────────────────────────────────────────────────────────┼──────────┼─────────────────┼─────────┤
│ app/node_modules/methods/package.json                                            │ node-pkg │        0        │    -    │
├──────────────────────────────────────────────────────────────────────────────────┼──────────┼─────────────────┼─────────┤
│ app/node_modules/mime-db/package.json                                            │ node-pkg │        0        │    -    │
├──────────────────────────────────────────────────────────────────────────────────┼──────────┼─────────────────┼─────────┤
│ app/node_modules/mime-types/package.json                                         │ node-pkg │        0        │    -    │
├──────────────────────────────────────────────────────────────────────────────────┼──────────┼─────────────────┼─────────┤
│ app/node_modules/mime/package.json                                               │ node-pkg │        0        │    -    │
├──────────────────────────────────────────────────────────────────────────────────┼──────────┼─────────────────┼─────────┤
│ app/node_modules/ms/package.json                                                 │ node-pkg │        0        │    -    │
├──────────────────────────────────────────────────────────────────────────────────┼──────────┼─────────────────┼─────────┤
│ app/node_modules/negotiator/package.json                                         │ node-pkg │        0        │    -    │
├──────────────────────────────────────────────────────────────────────────────────┼──────────┼─────────────────┼─────────┤
│ app/node_modules/object-inspect/package.json                                     │ node-pkg │        0        │    -    │
├──────────────────────────────────────────────────────────────────────────────────┼──────────┼─────────────────┼─────────┤
│ app/node_modules/on-finished/package.json                                        │ node-pkg │        0        │    -    │
├──────────────────────────────────────────────────────────────────────────────────┼──────────┼─────────────────┼─────────┤
│ app/node_modules/parseurl/package.json                                           │ node-pkg │        0        │    -    │
├──────────────────────────────────────────────────────────────────────────────────┼──────────┼─────────────────┼─────────┤
│ app/node_modules/path-to-regexp/package.json                                     │ node-pkg │        0        │    -    │
├──────────────────────────────────────────────────────────────────────────────────┼──────────┼─────────────────┼─────────┤
│ app/node_modules/proxy-addr/package.json                                         │ node-pkg │        0        │    -    │
├──────────────────────────────────────────────────────────────────────────────────┼──────────┼─────────────────┼─────────┤
│ app/node_modules/qs/package.json                                                 │ node-pkg │        0        │    -    │
├──────────────────────────────────────────────────────────────────────────────────┼──────────┼─────────────────┼─────────┤
│ app/node_modules/range-parser/package.json                                       │ node-pkg │        0        │    -    │
├──────────────────────────────────────────────────────────────────────────────────┼──────────┼─────────────────┼─────────┤
│ app/node_modules/raw-body/package.json                                           │ node-pkg │        0        │    -    │
├──────────────────────────────────────────────────────────────────────────────────┼──────────┼─────────────────┼─────────┤
│ app/node_modules/safe-buffer/package.json                                        │ node-pkg │        0        │    -    │
├──────────────────────────────────────────────────────────────────────────────────┼──────────┼─────────────────┼─────────┤
│ app/node_modules/safer-buffer/package.json                                       │ node-pkg │        0        │    -    │
├──────────────────────────────────────────────────────────────────────────────────┼──────────┼─────────────────┼─────────┤
│ app/node_modules/send/node_modules/ms/package.json                               │ node-pkg │        0        │    -    │
├──────────────────────────────────────────────────────────────────────────────────┼──────────┼─────────────────┼─────────┤
│ app/node_modules/send/package.json                                               │ node-pkg │        0        │    -    │
├──────────────────────────────────────────────────────────────────────────────────┼──────────┼─────────────────┼─────────┤
│ app/node_modules/serve-static/package.json                                       │ node-pkg │        0        │    -    │
├──────────────────────────────────────────────────────────────────────────────────┼──────────┼─────────────────┼─────────┤
│ app/node_modules/setprototypeof/package.json                                     │ node-pkg │        0        │    -    │
├──────────────────────────────────────────────────────────────────────────────────┼──────────┼─────────────────┼─────────┤
│ app/node_modules/side-channel-list/package.json                                  │ node-pkg │        0        │    -    │
├──────────────────────────────────────────────────────────────────────────────────┼──────────┼─────────────────┼─────────┤
│ app/node_modules/side-channel-map/package.json                                   │ node-pkg │        0        │    -    │
├──────────────────────────────────────────────────────────────────────────────────┼──────────┼─────────────────┼─────────┤
│ app/node_modules/side-channel-weakmap/package.json                               │ node-pkg │        0        │    -    │
├──────────────────────────────────────────────────────────────────────────────────┼──────────┼─────────────────┼─────────┤
│ app/node_modules/side-channel/package.json                                       │ node-pkg │        0        │    -    │
├──────────────────────────────────────────────────────────────────────────────────┼──────────┼─────────────────┼─────────┤
│ app/node_modules/statuses/package.json                                           │ node-pkg │        0        │    -    │
├──────────────────────────────────────────────────────────────────────────────────┼──────────┼─────────────────┼─────────┤
│ app/node_modules/toidentifier/package.json                                       │ node-pkg │        0        │    -    │
├──────────────────────────────────────────────────────────────────────────────────┼──────────┼─────────────────┼─────────┤
│ app/node_modules/type-is/package.json                                            │ node-pkg │        0        │    -    │
├──────────────────────────────────────────────────────────────────────────────────┼──────────┼─────────────────┼─────────┤
│ app/node_modules/unpipe/package.json                                             │ node-pkg │        0        │    -    │
├──────────────────────────────────────────────────────────────────────────────────┼──────────┼─────────────────┼─────────┤
│ app/node_modules/utils-merge/package.json                                        │ node-pkg │        0        │    -    │
├──────────────────────────────────────────────────────────────────────────────────┼──────────┼─────────────────┼─────────┤
│ app/node_modules/vary/package.json                                               │ node-pkg │        0        │    -    │
├──────────────────────────────────────────────────────────────────────────────────┼──────────┼─────────────────┼─────────┤
│ app/package.json                                                                 │ node-pkg │        0        │    -    │
├──────────────────────────────────────────────────────────────────────────────────┼──────────┼─────────────────┼─────────┤
│ opt/yarn-v1.22.22/package.json                                                   │ node-pkg │        0        │    -    │
├──────────────────────────────────────────────────────────────────────────────────┼──────────┼─────────────────┼─────────┤
│ usr/local/lib/node_modules/corepack/package.json                                 │ node-pkg │        0        │    -    │
├──────────────────────────────────────────────────────────────────────────────────┼──────────┼─────────────────┼─────────┤
│ usr/local/lib/node_modules/npm/node_modules/@isaacs/cliui/node_modules/ansi-reg- │ node-pkg │        0        │    -    │
│ ex/package.json                                                                  │          │                 │         │
├──────────────────────────────────────────────────────────────────────────────────┼──────────┼─────────────────┼─────────┤
│ usr/local/lib/node_modules/npm/node_modules/@isaacs/cliui/node_modules/emoji-re- │ node-pkg │        0        │    -    │
│ gex/package.json                                                                 │          │                 │         │
├──────────────────────────────────────────────────────────────────────────────────┼──────────┼─────────────────┼─────────┤
│ usr/local/lib/node_modules/npm/node_modules/@isaacs/cliui/node_modules/string-w- │ node-pkg │        0        │    -    │
│ idth/package.json                                                                │          │                 │         │
├──────────────────────────────────────────────────────────────────────────────────┼──────────┼─────────────────┼─────────┤
│ usr/local/lib/node_modules/npm/node_modules/@isaacs/cliui/node_modules/strip-an- │ node-pkg │        0        │    -    │
│ si/package.json                                                                  │          │                 │         │
├──────────────────────────────────────────────────────────────────────────────────┼──────────┼─────────────────┼─────────┤
│ usr/local/lib/node_modules/npm/node_modules/@isaacs/cliui/package.json           │ node-pkg │        0        │    -    │
├──────────────────────────────────────────────────────────────────────────────────┼──────────┼─────────────────┼─────────┤
│ usr/local/lib/node_modules/npm/node_modules/@isaacs/string-locale-compare/packa- │ node-pkg │        0        │    -    │
│ ge.json                                                                          │          │                 │         │
├──────────────────────────────────────────────────────────────────────────────────┼──────────┼─────────────────┼─────────┤
│ usr/local/lib/node_modules/npm/node_modules/@npmcli/agent/package.json           │ node-pkg │        0        │    -    │
├──────────────────────────────────────────────────────────────────────────────────┼──────────┼─────────────────┼─────────┤
│ usr/local/lib/node_modules/npm/node_modules/@npmcli/arborist/package.json        │ node-pkg │        0        │    -    │
├──────────────────────────────────────────────────────────────────────────────────┼──────────┼─────────────────┼─────────┤
│ usr/local/lib/node_modules/npm/node_modules/@npmcli/config/package.json          │ node-pkg │        0        │    -    │
├──────────────────────────────────────────────────────────────────────────────────┼──────────┼─────────────────┼─────────┤
│ usr/local/lib/node_modules/npm/node_modules/@npmcli/fs/package.json              │ node-pkg │        0        │    -    │
├──────────────────────────────────────────────────────────────────────────────────┼──────────┼─────────────────┼─────────┤
│ usr/local/lib/node_modules/npm/node_modules/@npmcli/git/package.json             │ node-pkg │        0        │    -    │
├──────────────────────────────────────────────────────────────────────────────────┼──────────┼─────────────────┼─────────┤
│ usr/local/lib/node_modules/npm/node_modules/@npmcli/installed-package-contents/- │ node-pkg │        0        │    -    │
│ package.json                                                                     │          │                 │         │
├──────────────────────────────────────────────────────────────────────────────────┼──────────┼─────────────────┼─────────┤
│ usr/local/lib/node_modules/npm/node_modules/@npmcli/map-workspaces/package.json  │ node-pkg │        0        │    -    │
├──────────────────────────────────────────────────────────────────────────────────┼──────────┼─────────────────┼─────────┤
│ usr/local/lib/node_modules/npm/node_modules/@npmcli/metavuln-calculator/package- │ node-pkg │        0        │    -    │
│ .json                                                                            │          │                 │         │
├──────────────────────────────────────────────────────────────────────────────────┼──────────┼─────────────────┼─────────┤
│ usr/local/lib/node_modules/npm/node_modules/@npmcli/name-from-folder/package.js- │ node-pkg │        0        │    -    │
│ on                                                                               │          │                 │         │
├──────────────────────────────────────────────────────────────────────────────────┼──────────┼─────────────────┼─────────┤
│ usr/local/lib/node_modules/npm/node_modules/@npmcli/node-gyp/package.json        │ node-pkg │        0        │    -    │
├──────────────────────────────────────────────────────────────────────────────────┼──────────┼─────────────────┼─────────┤
│ usr/local/lib/node_modules/npm/node_modules/@npmcli/package-json/package.json    │ node-pkg │        0        │    -    │
├──────────────────────────────────────────────────────────────────────────────────┼──────────┼─────────────────┼─────────┤
│ usr/local/lib/node_modules/npm/node_modules/@npmcli/promise-spawn/package.json   │ node-pkg │        0        │    -    │
├──────────────────────────────────────────────────────────────────────────────────┼──────────┼─────────────────┼─────────┤
│ usr/local/lib/node_modules/npm/node_modules/@npmcli/query/package.json           │ node-pkg │        0        │    -    │
├──────────────────────────────────────────────────────────────────────────────────┼──────────┼─────────────────┼─────────┤
│ usr/local/lib/node_modules/npm/node_modules/@npmcli/redact/package.json          │ node-pkg │        0        │    -    │
├──────────────────────────────────────────────────────────────────────────────────┼──────────┼─────────────────┼─────────┤
│ usr/local/lib/node_modules/npm/node_modules/@npmcli/run-script/package.json      │ node-pkg │        0        │    -    │
├──────────────────────────────────────────────────────────────────────────────────┼──────────┼─────────────────┼─────────┤
│ usr/local/lib/node_modules/npm/node_modules/@pkgjs/parseargs/package.json        │ node-pkg │        0        │    -    │
├──────────────────────────────────────────────────────────────────────────────────┼──────────┼─────────────────┼─────────┤
│ usr/local/lib/node_modules/npm/node_modules/@sigstore/bundle/package.json        │ node-pkg │        0        │    -    │
├──────────────────────────────────────────────────────────────────────────────────┼──────────┼─────────────────┼─────────┤
│ usr/local/lib/node_modules/npm/node_modules/@sigstore/core/package.json          │ node-pkg │        0        │    -    │
├──────────────────────────────────────────────────────────────────────────────────┼──────────┼─────────────────┼─────────┤
│ usr/local/lib/node_modules/npm/node_modules/@sigstore/protobuf-specs/package.js- │ node-pkg │        0        │    -    │
│ on                                                                               │          │                 │         │
├──────────────────────────────────────────────────────────────────────────────────┼──────────┼─────────────────┼─────────┤
│ usr/local/lib/node_modules/npm/node_modules/@sigstore/sign/package.json          │ node-pkg │        0        │    -    │
├──────────────────────────────────────────────────────────────────────────────────┼──────────┼─────────────────┼─────────┤
│ usr/local/lib/node_modules/npm/node_modules/@sigstore/tuf/package.json           │ node-pkg │        0        │    -    │
├──────────────────────────────────────────────────────────────────────────────────┼──────────┼─────────────────┼─────────┤
│ usr/local/lib/node_modules/npm/node_modules/@sigstore/verify/package.json        │ node-pkg │        0        │    -    │
├──────────────────────────────────────────────────────────────────────────────────┼──────────┼─────────────────┼─────────┤
│ usr/local/lib/node_modules/npm/node_modules/@tufjs/canonical-json/package.json   │ node-pkg │        0        │    -    │
├──────────────────────────────────────────────────────────────────────────────────┼──────────┼─────────────────┼─────────┤
│ usr/local/lib/node_modules/npm/node_modules/@tufjs/models/package.json           │ node-pkg │        0        │    -    │
├──────────────────────────────────────────────────────────────────────────────────┼──────────┼─────────────────┼─────────┤
│ usr/local/lib/node_modules/npm/node_modules/abbrev/package.json                  │ node-pkg │        0        │    -    │
├──────────────────────────────────────────────────────────────────────────────────┼──────────┼─────────────────┼─────────┤
│ usr/local/lib/node_modules/npm/node_modules/agent-base/package.json              │ node-pkg │        0        │    -    │
├──────────────────────────────────────────────────────────────────────────────────┼──────────┼─────────────────┼─────────┤
│ usr/local/lib/node_modules/npm/node_modules/aggregate-error/package.json         │ node-pkg │        0        │    -    │
├──────────────────────────────────────────────────────────────────────────────────┼──────────┼─────────────────┼─────────┤
│ usr/local/lib/node_modules/npm/node_modules/ansi-regex/package.json              │ node-pkg │        0        │    -    │
├──────────────────────────────────────────────────────────────────────────────────┼──────────┼─────────────────┼─────────┤
│ usr/local/lib/node_modules/npm/node_modules/ansi-styles/package.json             │ node-pkg │        0        │    -    │
├──────────────────────────────────────────────────────────────────────────────────┼──────────┼─────────────────┼─────────┤
│ usr/local/lib/node_modules/npm/node_modules/aproba/package.json                  │ node-pkg │        0        │    -    │
├──────────────────────────────────────────────────────────────────────────────────┼──────────┼─────────────────┼─────────┤
│ usr/local/lib/node_modules/npm/node_modules/archy/package.json                   │ node-pkg │        0        │    -    │
├──────────────────────────────────────────────────────────────────────────────────┼──────────┼─────────────────┼─────────┤
│ usr/local/lib/node_modules/npm/node_modules/balanced-match/package.json          │ node-pkg │        0        │    -    │
├──────────────────────────────────────────────────────────────────────────────────┼──────────┼─────────────────┼─────────┤
│ usr/local/lib/node_modules/npm/node_modules/bin-links/package.json               │ node-pkg │        0        │    -    │
├──────────────────────────────────────────────────────────────────────────────────┼──────────┼─────────────────┼─────────┤
│ usr/local/lib/node_modules/npm/node_modules/binary-extensions/package.json       │ node-pkg │        0        │    -    │
├──────────────────────────────────────────────────────────────────────────────────┼──────────┼─────────────────┼─────────┤
│ usr/local/lib/node_modules/npm/node_modules/brace-expansion/package.json         │ node-pkg │        0        │    -    │
├──────────────────────────────────────────────────────────────────────────────────┼──────────┼─────────────────┼─────────┤
│ usr/local/lib/node_modules/npm/node_modules/cacache/package.json                 │ node-pkg │        0        │    -    │
├──────────────────────────────────────────────────────────────────────────────────┼──────────┼─────────────────┼─────────┤
│ usr/local/lib/node_modules/npm/node_modules/chalk/package.json                   │ node-pkg │        0        │    -    │
├──────────────────────────────────────────────────────────────────────────────────┼──────────┼─────────────────┼─────────┤
│ usr/local/lib/node_modules/npm/node_modules/chownr/package.json                  │ node-pkg │        0        │    -    │
├──────────────────────────────────────────────────────────────────────────────────┼──────────┼─────────────────┼─────────┤
│ usr/local/lib/node_modules/npm/node_modules/ci-info/package.json                 │ node-pkg │        0        │    -    │
├──────────────────────────────────────────────────────────────────────────────────┼──────────┼─────────────────┼─────────┤
│ usr/local/lib/node_modules/npm/node_modules/cidr-regex/package.json              │ node-pkg │        0        │    -    │
├──────────────────────────────────────────────────────────────────────────────────┼──────────┼─────────────────┼─────────┤
│ usr/local/lib/node_modules/npm/node_modules/clean-stack/package.json             │ node-pkg │        0        │    -    │
├──────────────────────────────────────────────────────────────────────────────────┼──────────┼─────────────────┼─────────┤
│ usr/local/lib/node_modules/npm/node_modules/cli-columns/package.json             │ node-pkg │        0        │    -    │
├──────────────────────────────────────────────────────────────────────────────────┼──────────┼─────────────────┼─────────┤
│ usr/local/lib/node_modules/npm/node_modules/cmd-shim/package.json                │ node-pkg │        0        │    -    │
├──────────────────────────────────────────────────────────────────────────────────┼──────────┼─────────────────┼─────────┤
│ usr/local/lib/node_modules/npm/node_modules/color-convert/package.json           │ node-pkg │        0        │    -    │
├──────────────────────────────────────────────────────────────────────────────────┼──────────┼─────────────────┼─────────┤
│ usr/local/lib/node_modules/npm/node_modules/color-name/package.json              │ node-pkg │        0        │    -    │
├──────────────────────────────────────────────────────────────────────────────────┼──────────┼─────────────────┼─────────┤
│ usr/local/lib/node_modules/npm/node_modules/common-ancestor-path/package.json    │ node-pkg │        0        │    -    │
├──────────────────────────────────────────────────────────────────────────────────┼──────────┼─────────────────┼─────────┤
│ usr/local/lib/node_modules/npm/node_modules/cross-spawn/node_modules/which/pack- │ node-pkg │        0        │    -    │
│ age.json                                                                         │          │                 │         │
├──────────────────────────────────────────────────────────────────────────────────┼──────────┼─────────────────┼─────────┤
│ usr/local/lib/node_modules/npm/node_modules/cross-spawn/package.json             │ node-pkg │        1        │    -    │
├──────────────────────────────────────────────────────────────────────────────────┼──────────┼─────────────────┼─────────┤
│ usr/local/lib/node_modules/npm/node_modules/cssesc/package.json                  │ node-pkg │        0        │    -    │
├──────────────────────────────────────────────────────────────────────────────────┼──────────┼─────────────────┼─────────┤
│ usr/local/lib/node_modules/npm/node_modules/debug/node_modules/ms/package.json   │ node-pkg │        0        │    -    │
├──────────────────────────────────────────────────────────────────────────────────┼──────────┼─────────────────┼─────────┤
│ usr/local/lib/node_modules/npm/node_modules/debug/package.json                   │ node-pkg │        0        │    -    │
├──────────────────────────────────────────────────────────────────────────────────┼──────────┼─────────────────┼─────────┤
│ usr/local/lib/node_modules/npm/node_modules/diff/package.json                    │ node-pkg │        0        │    -    │
├──────────────────────────────────────────────────────────────────────────────────┼──────────┼─────────────────┼─────────┤
│ usr/local/lib/node_modules/npm/node_modules/eastasianwidth/package.json          │ node-pkg │        0        │    -    │
├──────────────────────────────────────────────────────────────────────────────────┼──────────┼─────────────────┼─────────┤
│ usr/local/lib/node_modules/npm/node_modules/emoji-regex/package.json             │ node-pkg │        0        │    -    │
├──────────────────────────────────────────────────────────────────────────────────┼──────────┼─────────────────┼─────────┤
│ usr/local/lib/node_modules/npm/node_modules/encoding/package.json                │ node-pkg │        0        │    -    │
├──────────────────────────────────────────────────────────────────────────────────┼──────────┼─────────────────┼─────────┤
│ usr/local/lib/node_modules/npm/node_modules/env-paths/package.json               │ node-pkg │        0        │    -    │
├──────────────────────────────────────────────────────────────────────────────────┼──────────┼─────────────────┼─────────┤
│ usr/local/lib/node_modules/npm/node_modules/err-code/package.json                │ node-pkg │        0        │    -    │
├──────────────────────────────────────────────────────────────────────────────────┼──────────┼─────────────────┼─────────┤
│ usr/local/lib/node_modules/npm/node_modules/exponential-backoff/package.json     │ node-pkg │        0        │    -    │
├──────────────────────────────────────────────────────────────────────────────────┼──────────┼─────────────────┼─────────┤
│ usr/local/lib/node_modules/npm/node_modules/fastest-levenshtein/package.json     │ node-pkg │        0        │    -    │
├──────────────────────────────────────────────────────────────────────────────────┼──────────┼─────────────────┼─────────┤
│ usr/local/lib/node_modules/npm/node_modules/foreground-child/package.json        │ node-pkg │        0        │    -    │
├──────────────────────────────────────────────────────────────────────────────────┼──────────┼─────────────────┼─────────┤
│ usr/local/lib/node_modules/npm/node_modules/fs-minipass/package.json             │ node-pkg │        0        │    -    │
├──────────────────────────────────────────────────────────────────────────────────┼──────────┼─────────────────┼─────────┤
│ usr/local/lib/node_modules/npm/node_modules/glob/package.json                    │ node-pkg │        1        │    -    │
├──────────────────────────────────────────────────────────────────────────────────┼──────────┼─────────────────┼─────────┤
│ usr/local/lib/node_modules/npm/node_modules/graceful-fs/package.json             │ node-pkg │        0        │    -    │
├──────────────────────────────────────────────────────────────────────────────────┼──────────┼─────────────────┼─────────┤
│ usr/local/lib/node_modules/npm/node_modules/hosted-git-info/package.json         │ node-pkg │        0        │    -    │
├──────────────────────────────────────────────────────────────────────────────────┼──────────┼─────────────────┼─────────┤
│ usr/local/lib/node_modules/npm/node_modules/http-cache-semantics/package.json    │ node-pkg │        0        │    -    │
├──────────────────────────────────────────────────────────────────────────────────┼──────────┼─────────────────┼─────────┤
│ usr/local/lib/node_modules/npm/node_modules/http-proxy-agent/package.json        │ node-pkg │        0        │    -    │
├──────────────────────────────────────────────────────────────────────────────────┼──────────┼─────────────────┼─────────┤
│ usr/local/lib/node_modules/npm/node_modules/https-proxy-agent/package.json       │ node-pkg │        0        │    -    │
├──────────────────────────────────────────────────────────────────────────────────┼──────────┼─────────────────┼─────────┤
│ usr/local/lib/node_modules/npm/node_modules/iconv-lite/package.json              │ node-pkg │        0        │    -    │
├──────────────────────────────────────────────────────────────────────────────────┼──────────┼─────────────────┼─────────┤
│ usr/local/lib/node_modules/npm/node_modules/ignore-walk/package.json             │ node-pkg │        0        │    -    │
├──────────────────────────────────────────────────────────────────────────────────┼──────────┼─────────────────┼─────────┤
│ usr/local/lib/node_modules/npm/node_modules/imurmurhash/package.json             │ node-pkg │        0        │    -    │
├──────────────────────────────────────────────────────────────────────────────────┼──────────┼─────────────────┼─────────┤
│ usr/local/lib/node_modules/npm/node_modules/indent-string/package.json           │ node-pkg │        0        │    -    │
├──────────────────────────────────────────────────────────────────────────────────┼──────────┼─────────────────┼─────────┤
│ usr/local/lib/node_modules/npm/node_modules/ini/package.json                     │ node-pkg │        0        │    -    │
├──────────────────────────────────────────────────────────────────────────────────┼──────────┼─────────────────┼─────────┤
│ usr/local/lib/node_modules/npm/node_modules/init-package-json/package.json       │ node-pkg │        0        │    -    │
├──────────────────────────────────────────────────────────────────────────────────┼──────────┼─────────────────┼─────────┤
│ usr/local/lib/node_modules/npm/node_modules/ip-address/package.json              │ node-pkg │        0        │    -    │
├──────────────────────────────────────────────────────────────────────────────────┼──────────┼─────────────────┼─────────┤
│ usr/local/lib/node_modules/npm/node_modules/ip-regex/package.json                │ node-pkg │        0        │    -    │
├──────────────────────────────────────────────────────────────────────────────────┼──────────┼─────────────────┼─────────┤
│ usr/local/lib/node_modules/npm/node_modules/is-cidr/package.json                 │ node-pkg │        0        │    -    │
├──────────────────────────────────────────────────────────────────────────────────┼──────────┼─────────────────┼─────────┤
│ usr/local/lib/node_modules/npm/node_modules/is-fullwidth-code-point/package.json │ node-pkg │        0        │    -    │
├──────────────────────────────────────────────────────────────────────────────────┼──────────┼─────────────────┼─────────┤
│ usr/local/lib/node_modules/npm/node_modules/is-lambda/package.json               │ node-pkg │        0        │    -    │
├──────────────────────────────────────────────────────────────────────────────────┼──────────┼─────────────────┼─────────┤
│ usr/local/lib/node_modules/npm/node_modules/isexe/package.json                   │ node-pkg │        0        │    -    │
├──────────────────────────────────────────────────────────────────────────────────┼──────────┼─────────────────┼─────────┤
│ usr/local/lib/node_modules/npm/node_modules/jackspeak/package.json               │ node-pkg │        0        │    -    │
├──────────────────────────────────────────────────────────────────────────────────┼──────────┼─────────────────┼─────────┤
│ usr/local/lib/node_modules/npm/node_modules/jsbn/package.json                    │ node-pkg │        0        │    -    │
├──────────────────────────────────────────────────────────────────────────────────┼──────────┼─────────────────┼─────────┤
│ usr/local/lib/node_modules/npm/node_modules/json-parse-even-better-errors/packa- │ node-pkg │        0        │    -    │
│ ge.json                                                                          │          │                 │         │
├──────────────────────────────────────────────────────────────────────────────────┼──────────┼─────────────────┼─────────┤
│ usr/local/lib/node_modules/npm/node_modules/json-stringify-nice/package.json     │ node-pkg │        0        │    -    │
├──────────────────────────────────────────────────────────────────────────────────┼──────────┼─────────────────┼─────────┤
│ usr/local/lib/node_modules/npm/node_modules/jsonparse/package.json               │ node-pkg │        0        │    -    │
├──────────────────────────────────────────────────────────────────────────────────┼──────────┼─────────────────┼─────────┤
│ usr/local/lib/node_modules/npm/node_modules/just-diff-apply/package.json         │ node-pkg │        0        │    -    │
├──────────────────────────────────────────────────────────────────────────────────┼──────────┼─────────────────┼─────────┤
│ usr/local/lib/node_modules/npm/node_modules/just-diff/package.json               │ node-pkg │        0        │    -    │
├──────────────────────────────────────────────────────────────────────────────────┼──────────┼─────────────────┼─────────┤
│ usr/local/lib/node_modules/npm/node_modules/libnpmaccess/package.json            │ node-pkg │        0        │    -    │
├──────────────────────────────────────────────────────────────────────────────────┼──────────┼─────────────────┼─────────┤
│ usr/local/lib/node_modules/npm/node_modules/libnpmdiff/package.json              │ node-pkg │        0        │    -    │
├──────────────────────────────────────────────────────────────────────────────────┼──────────┼─────────────────┼─────────┤
│ usr/local/lib/node_modules/npm/node_modules/libnpmexec/package.json              │ node-pkg │        0        │    -    │
├──────────────────────────────────────────────────────────────────────────────────┼──────────┼─────────────────┼─────────┤
│ usr/local/lib/node_modules/npm/node_modules/libnpmfund/package.json              │ node-pkg │        0        │    -    │
├──────────────────────────────────────────────────────────────────────────────────┼──────────┼─────────────────┼─────────┤
│ usr/local/lib/node_modules/npm/node_modules/libnpmhook/package.json              │ node-pkg │        0        │    -    │
├──────────────────────────────────────────────────────────────────────────────────┼──────────┼─────────────────┼─────────┤
│ usr/local/lib/node_modules/npm/node_modules/libnpmorg/package.json               │ node-pkg │        0        │    -    │
├──────────────────────────────────────────────────────────────────────────────────┼──────────┼─────────────────┼─────────┤
│ usr/local/lib/node_modules/npm/node_modules/libnpmpack/package.json              │ node-pkg │        0        │    -    │
├──────────────────────────────────────────────────────────────────────────────────┼──────────┼─────────────────┼─────────┤
│ usr/local/lib/node_modules/npm/node_modules/libnpmpublish/package.json           │ node-pkg │        0        │    -    │
├──────────────────────────────────────────────────────────────────────────────────┼──────────┼─────────────────┼─────────┤
│ usr/local/lib/node_modules/npm/node_modules/libnpmsearch/package.json            │ node-pkg │        0        │    -    │
├──────────────────────────────────────────────────────────────────────────────────┼──────────┼─────────────────┼─────────┤
│ usr/local/lib/node_modules/npm/node_modules/libnpmteam/package.json              │ node-pkg │        0        │    -    │
├──────────────────────────────────────────────────────────────────────────────────┼──────────┼─────────────────┼─────────┤
│ usr/local/lib/node_modules/npm/node_modules/libnpmversion/package.json           │ node-pkg │        0        │    -    │
├──────────────────────────────────────────────────────────────────────────────────┼──────────┼─────────────────┼─────────┤
│ usr/local/lib/node_modules/npm/node_modules/lru-cache/package.json               │ node-pkg │        0        │    -    │
├──────────────────────────────────────────────────────────────────────────────────┼──────────┼─────────────────┼─────────┤
│ usr/local/lib/node_modules/npm/node_modules/make-fetch-happen/package.json       │ node-pkg │        0        │    -    │
├──────────────────────────────────────────────────────────────────────────────────┼──────────┼─────────────────┼─────────┤
│ usr/local/lib/node_modules/npm/node_modules/minimatch/package.json               │ node-pkg │        0        │    -    │
├──────────────────────────────────────────────────────────────────────────────────┼──────────┼─────────────────┼─────────┤
│ usr/local/lib/node_modules/npm/node_modules/minipass-collect/package.json        │ node-pkg │        0        │    -    │
├──────────────────────────────────────────────────────────────────────────────────┼──────────┼─────────────────┼─────────┤
│ usr/local/lib/node_modules/npm/node_modules/minipass-fetch/package.json          │ node-pkg │        0        │    -    │
├──────────────────────────────────────────────────────────────────────────────────┼──────────┼─────────────────┼─────────┤
│ usr/local/lib/node_modules/npm/node_modules/minipass-flush/node_modules/minipas- │ node-pkg │        0        │    -    │
│ s/package.json                                                                   │          │                 │         │
├──────────────────────────────────────────────────────────────────────────────────┼──────────┼─────────────────┼─────────┤
│ usr/local/lib/node_modules/npm/node_modules/minipass-flush/package.json          │ node-pkg │        0        │    -    │
├──────────────────────────────────────────────────────────────────────────────────┼──────────┼─────────────────┼─────────┤
│ usr/local/lib/node_modules/npm/node_modules/minipass-pipeline/node_modules/mini- │ node-pkg │        0        │    -    │
│ pass/package.json                                                                │          │                 │         │
├──────────────────────────────────────────────────────────────────────────────────┼──────────┼─────────────────┼─────────┤
│ usr/local/lib/node_modules/npm/node_modules/minipass-pipeline/package.json       │ node-pkg │        0        │    -    │
├──────────────────────────────────────────────────────────────────────────────────┼──────────┼─────────────────┼─────────┤
│ usr/local/lib/node_modules/npm/node_modules/minipass-sized/node_modules/minipas- │ node-pkg │        0        │    -    │
│ s/package.json                                                                   │          │                 │         │
├──────────────────────────────────────────────────────────────────────────────────┼──────────┼─────────────────┼─────────┤
│ usr/local/lib/node_modules/npm/node_modules/minipass-sized/package.json          │ node-pkg │        0        │    -    │
├──────────────────────────────────────────────────────────────────────────────────┼──────────┼─────────────────┼─────────┤
│ usr/local/lib/node_modules/npm/node_modules/minipass/package.json                │ node-pkg │        0        │    -    │
├──────────────────────────────────────────────────────────────────────────────────┼──────────┼─────────────────┼─────────┤
│ usr/local/lib/node_modules/npm/node_modules/minizlib/node_modules/minipass/pack- │ node-pkg │        0        │    -    │
│ age.json                                                                         │          │                 │         │
├──────────────────────────────────────────────────────────────────────────────────┼──────────┼─────────────────┼─────────┤
│ usr/local/lib/node_modules/npm/node_modules/minizlib/package.json                │ node-pkg │        0        │    -    │
├──────────────────────────────────────────────────────────────────────────────────┼──────────┼─────────────────┼─────────┤
│ usr/local/lib/node_modules/npm/node_modules/mkdirp/package.json                  │ node-pkg │        0        │    -    │
├──────────────────────────────────────────────────────────────────────────────────┼──────────┼─────────────────┼─────────┤
│ usr/local/lib/node_modules/npm/node_modules/ms/package.json                      │ node-pkg │        0        │    -    │
├──────────────────────────────────────────────────────────────────────────────────┼──────────┼─────────────────┼─────────┤
│ usr/local/lib/node_modules/npm/node_modules/mute-stream/package.json             │ node-pkg │        0        │    -    │
├──────────────────────────────────────────────────────────────────────────────────┼──────────┼─────────────────┼─────────┤
│ usr/local/lib/node_modules/npm/node_modules/negotiator/package.json              │ node-pkg │        0        │    -    │
├──────────────────────────────────────────────────────────────────────────────────┼──────────┼─────────────────┼─────────┤
│ usr/local/lib/node_modules/npm/node_modules/node-gyp/node_modules/proc-log/pack- │ node-pkg │        0        │    -    │
│ age.json                                                                         │          │                 │         │
├──────────────────────────────────────────────────────────────────────────────────┼──────────┼─────────────────┼─────────┤
│ usr/local/lib/node_modules/npm/node_modules/node-gyp/package.json                │ node-pkg │        0        │    -    │
├──────────────────────────────────────────────────────────────────────────────────┼──────────┼─────────────────┼─────────┤
│ usr/local/lib/node_modules/npm/node_modules/nopt/package.json                    │ node-pkg │        0        │    -    │
├──────────────────────────────────────────────────────────────────────────────────┼──────────┼─────────────────┼─────────┤
│ usr/local/lib/node_modules/npm/node_modules/normalize-package-data/package.json  │ node-pkg │        0        │    -    │
├──────────────────────────────────────────────────────────────────────────────────┼──────────┼─────────────────┼─────────┤
│ usr/local/lib/node_modules/npm/node_modules/npm-audit-report/package.json        │ node-pkg │        0        │    -    │
├──────────────────────────────────────────────────────────────────────────────────┼──────────┼─────────────────┼─────────┤
│ usr/local/lib/node_modules/npm/node_modules/npm-bundled/package.json             │ node-pkg │        0        │    -    │
├──────────────────────────────────────────────────────────────────────────────────┼──────────┼─────────────────┼─────────┤
│ usr/local/lib/node_modules/npm/node_modules/npm-install-checks/package.json      │ node-pkg │        0        │    -    │
├──────────────────────────────────────────────────────────────────────────────────┼──────────┼─────────────────┼─────────┤
│ usr/local/lib/node_modules/npm/node_modules/npm-normalize-package-bin/package.j- │ node-pkg │        0        │    -    │
│ son                                                                              │          │                 │         │
├──────────────────────────────────────────────────────────────────────────────────┼──────────┼─────────────────┼─────────┤
│ usr/local/lib/node_modules/npm/node_modules/npm-package-arg/package.json         │ node-pkg │        0        │    -    │
├──────────────────────────────────────────────────────────────────────────────────┼──────────┼─────────────────┼─────────┤
│ usr/local/lib/node_modules/npm/node_modules/npm-packlist/package.json            │ node-pkg │        0        │    -    │
├──────────────────────────────────────────────────────────────────────────────────┼──────────┼─────────────────┼─────────┤
│ usr/local/lib/node_modules/npm/node_modules/npm-pick-manifest/package.json       │ node-pkg │        0        │    -    │
├──────────────────────────────────────────────────────────────────────────────────┼──────────┼─────────────────┼─────────┤
│ usr/local/lib/node_modules/npm/node_modules/npm-profile/package.json             │ node-pkg │        0        │    -    │
├──────────────────────────────────────────────────────────────────────────────────┼──────────┼─────────────────┼─────────┤
│ usr/local/lib/node_modules/npm/node_modules/npm-registry-fetch/package.json      │ node-pkg │        0        │    -    │
├──────────────────────────────────────────────────────────────────────────────────┼──────────┼─────────────────┼─────────┤
│ usr/local/lib/node_modules/npm/node_modules/npm-user-validate/package.json       │ node-pkg │        0        │    -    │
├──────────────────────────────────────────────────────────────────────────────────┼──────────┼─────────────────┼─────────┤
│ usr/local/lib/node_modules/npm/node_modules/p-map/package.json                   │ node-pkg │        0        │    -    │
├──────────────────────────────────────────────────────────────────────────────────┼──────────┼─────────────────┼─────────┤
│ usr/local/lib/node_modules/npm/node_modules/package-json-from-dist/package.json  │ node-pkg │        0        │    -    │
├──────────────────────────────────────────────────────────────────────────────────┼──────────┼─────────────────┼─────────┤
│ usr/local/lib/node_modules/npm/node_modules/pacote/package.json                  │ node-pkg │        0        │    -    │
├──────────────────────────────────────────────────────────────────────────────────┼──────────┼─────────────────┼─────────┤
│ usr/local/lib/node_modules/npm/node_modules/parse-conflict-json/package.json     │ node-pkg │        0        │    -    │
├──────────────────────────────────────────────────────────────────────────────────┼──────────┼─────────────────┼─────────┤
│ usr/local/lib/node_modules/npm/node_modules/path-key/package.json                │ node-pkg │        0        │    -    │
├──────────────────────────────────────────────────────────────────────────────────┼──────────┼─────────────────┼─────────┤
│ usr/local/lib/node_modules/npm/node_modules/path-scurry/package.json             │ node-pkg │        0        │    -    │
├──────────────────────────────────────────────────────────────────────────────────┼──────────┼─────────────────┼─────────┤
│ usr/local/lib/node_modules/npm/node_modules/postcss-selector-parser/package.json │ node-pkg │        0        │    -    │
├──────────────────────────────────────────────────────────────────────────────────┼──────────┼─────────────────┼─────────┤
│ usr/local/lib/node_modules/npm/node_modules/proc-log/package.json                │ node-pkg │        0        │    -    │
├──────────────────────────────────────────────────────────────────────────────────┼──────────┼─────────────────┼─────────┤
│ usr/local/lib/node_modules/npm/node_modules/proggy/package.json                  │ node-pkg │        0        │    -    │
├──────────────────────────────────────────────────────────────────────────────────┼──────────┼─────────────────┼─────────┤
│ usr/local/lib/node_modules/npm/node_modules/promise-all-reject-late/package.json │ node-pkg │        0        │    -    │
├──────────────────────────────────────────────────────────────────────────────────┼──────────┼─────────────────┼─────────┤
│ usr/local/lib/node_modules/npm/node_modules/promise-call-limit/package.json      │ node-pkg │        0        │    -    │
├──────────────────────────────────────────────────────────────────────────────────┼──────────┼─────────────────┼─────────┤
│ usr/local/lib/node_modules/npm/node_modules/promise-inflight/package.json        │ node-pkg │        0        │    -    │
├──────────────────────────────────────────────────────────────────────────────────┼──────────┼─────────────────┼─────────┤
│ usr/local/lib/node_modules/npm/node_modules/promise-retry/package.json           │ node-pkg │        0        │    -    │
├──────────────────────────────────────────────────────────────────────────────────┼──────────┼─────────────────┼─────────┤
│ usr/local/lib/node_modules/npm/node_modules/promzard/package.json                │ node-pkg │        0        │    -    │
├──────────────────────────────────────────────────────────────────────────────────┼──────────┼─────────────────┼─────────┤
│ usr/local/lib/node_modules/npm/node_modules/qrcode-terminal/package.json         │ node-pkg │        0        │    -    │
├──────────────────────────────────────────────────────────────────────────────────┼──────────┼─────────────────┼─────────┤
│ usr/local/lib/node_modules/npm/node_modules/read-cmd-shim/package.json           │ node-pkg │        0        │    -    │
├──────────────────────────────────────────────────────────────────────────────────┼──────────┼─────────────────┼─────────┤
│ usr/local/lib/node_modules/npm/node_modules/read-package-json-fast/package.json  │ node-pkg │        0        │    -    │
├──────────────────────────────────────────────────────────────────────────────────┼──────────┼─────────────────┼─────────┤
│ usr/local/lib/node_modules/npm/node_modules/read/package.json                    │ node-pkg │        0        │    -    │
├──────────────────────────────────────────────────────────────────────────────────┼──────────┼─────────────────┼─────────┤
│ usr/local/lib/node_modules/npm/node_modules/retry/package.json                   │ node-pkg │        0        │    -    │
├──────────────────────────────────────────────────────────────────────────────────┼──────────┼─────────────────┼─────────┤
│ usr/local/lib/node_modules/npm/node_modules/safer-buffer/package.json            │ node-pkg │        0        │    -    │
├──────────────────────────────────────────────────────────────────────────────────┼──────────┼─────────────────┼─────────┤
│ usr/local/lib/node_modules/npm/node_modules/semver/package.json                  │ node-pkg │        0        │    -    │
├──────────────────────────────────────────────────────────────────────────────────┼──────────┼─────────────────┼─────────┤
│ usr/local/lib/node_modules/npm/node_modules/shebang-command/package.json         │ node-pkg │        0        │    -    │
├──────────────────────────────────────────────────────────────────────────────────┼──────────┼─────────────────┼─────────┤
│ usr/local/lib/node_modules/npm/node_modules/shebang-regex/package.json           │ node-pkg │        0        │    -    │
├──────────────────────────────────────────────────────────────────────────────────┼──────────┼─────────────────┼─────────┤
│ usr/local/lib/node_modules/npm/node_modules/signal-exit/package.json             │ node-pkg │        0        │    -    │
├──────────────────────────────────────────────────────────────────────────────────┼──────────┼─────────────────┼─────────┤
│ usr/local/lib/node_modules/npm/node_modules/sigstore/package.json                │ node-pkg │        0        │    -    │
├──────────────────────────────────────────────────────────────────────────────────┼──────────┼─────────────────┼─────────┤
│ usr/local/lib/node_modules/npm/node_modules/smart-buffer/package.json            │ node-pkg │        0        │    -    │
├──────────────────────────────────────────────────────────────────────────────────┼──────────┼─────────────────┼─────────┤
│ usr/local/lib/node_modules/npm/node_modules/socks-proxy-agent/package.json       │ node-pkg │        0        │    -    │
├──────────────────────────────────────────────────────────────────────────────────┼──────────┼─────────────────┼─────────┤
│ usr/local/lib/node_modules/npm/node_modules/socks/package.json                   │ node-pkg │        0        │    -    │
├──────────────────────────────────────────────────────────────────────────────────┼──────────┼─────────────────┼─────────┤
│ usr/local/lib/node_modules/npm/node_modules/spdx-correct/node_modules/spdx-expr- │ node-pkg │        0        │    -    │
│ ession-parse/package.json                                                        │          │                 │         │
├──────────────────────────────────────────────────────────────────────────────────┼──────────┼─────────────────┼─────────┤
│ usr/local/lib/node_modules/npm/node_modules/spdx-correct/package.json            │ node-pkg │        0        │    -    │
├──────────────────────────────────────────────────────────────────────────────────┼──────────┼─────────────────┼─────────┤
│ usr/local/lib/node_modules/npm/node_modules/spdx-exceptions/package.json         │ node-pkg │        0        │    -    │
├──────────────────────────────────────────────────────────────────────────────────┼──────────┼─────────────────┼─────────┤
│ usr/local/lib/node_modules/npm/node_modules/spdx-expression-parse/package.json   │ node-pkg │        0        │    -    │
├──────────────────────────────────────────────────────────────────────────────────┼──────────┼─────────────────┼─────────┤
│ usr/local/lib/node_modules/npm/node_modules/spdx-license-ids/package.json        │ node-pkg │        0        │    -    │
├──────────────────────────────────────────────────────────────────────────────────┼──────────┼─────────────────┼─────────┤
│ usr/local/lib/node_modules/npm/node_modules/sprintf-js/package.json              │ node-pkg │        0        │    -    │
├──────────────────────────────────────────────────────────────────────────────────┼──────────┼─────────────────┼─────────┤
│ usr/local/lib/node_modules/npm/node_modules/ssri/package.json                    │ node-pkg │        0        │    -    │
├──────────────────────────────────────────────────────────────────────────────────┼──────────┼─────────────────┼─────────┤
│ usr/local/lib/node_modules/npm/node_modules/string-width-cjs/package.json        │ node-pkg │        0        │    -    │
├──────────────────────────────────────────────────────────────────────────────────┼──────────┼─────────────────┼─────────┤
│ usr/local/lib/node_modules/npm/node_modules/string-width/package.json            │ node-pkg │        0        │    -    │
├──────────────────────────────────────────────────────────────────────────────────┼──────────┼─────────────────┼─────────┤
│ usr/local/lib/node_modules/npm/node_modules/strip-ansi-cjs/package.json          │ node-pkg │        0        │    -    │
├──────────────────────────────────────────────────────────────────────────────────┼──────────┼─────────────────┼─────────┤
│ usr/local/lib/node_modules/npm/node_modules/strip-ansi/package.json              │ node-pkg │        0        │    -    │
├──────────────────────────────────────────────────────────────────────────────────┼──────────┼─────────────────┼─────────┤
│ usr/local/lib/node_modules/npm/node_modules/supports-color/package.json          │ node-pkg │        0        │    -    │
├──────────────────────────────────────────────────────────────────────────────────┼──────────┼─────────────────┼─────────┤
│ usr/local/lib/node_modules/npm/node_modules/tar/node_modules/fs-minipass/node_m- │ node-pkg │        0        │    -    │
│ odules/minipass/package.json                                                     │          │                 │         │
├──────────────────────────────────────────────────────────────────────────────────┼──────────┼─────────────────┼─────────┤
│ usr/local/lib/node_modules/npm/node_modules/tar/node_modules/fs-minipass/packag- │ node-pkg │        0        │    -    │
│ e.json                                                                           │          │                 │         │
├──────────────────────────────────────────────────────────────────────────────────┼──────────┼─────────────────┼─────────┤
│ usr/local/lib/node_modules/npm/node_modules/tar/node_modules/minipass/package.j- │ node-pkg │        0        │    -    │
│ son                                                                              │          │                 │         │
├──────────────────────────────────────────────────────────────────────────────────┼──────────┼─────────────────┼─────────┤
│ usr/local/lib/node_modules/npm/node_modules/tar/package.json                     │ node-pkg │        3        │    -    │
├──────────────────────────────────────────────────────────────────────────────────┼──────────┼─────────────────┼─────────┤
│ usr/local/lib/node_modules/npm/node_modules/text-table/package.json              │ node-pkg │        0        │    -    │
├──────────────────────────────────────────────────────────────────────────────────┼──────────┼─────────────────┼─────────┤
│ usr/local/lib/node_modules/npm/node_modules/tiny-relative-date/package.json      │ node-pkg │        0        │    -    │
├──────────────────────────────────────────────────────────────────────────────────┼──────────┼─────────────────┼─────────┤
│ usr/local/lib/node_modules/npm/node_modules/treeverse/package.json               │ node-pkg │        0        │    -    │
├──────────────────────────────────────────────────────────────────────────────────┼──────────┼─────────────────┼─────────┤
│ usr/local/lib/node_modules/npm/node_modules/tuf-js/package.json                  │ node-pkg │        0        │    -    │
├──────────────────────────────────────────────────────────────────────────────────┼──────────┼─────────────────┼─────────┤
│ usr/local/lib/node_modules/npm/node_modules/unique-filename/package.json         │ node-pkg │        0        │    -    │
├──────────────────────────────────────────────────────────────────────────────────┼──────────┼─────────────────┼─────────┤
│ usr/local/lib/node_modules/npm/node_modules/unique-slug/package.json             │ node-pkg │        0        │    -    │
├──────────────────────────────────────────────────────────────────────────────────┼──────────┼─────────────────┼─────────┤
│ usr/local/lib/node_modules/npm/node_modules/util-deprecate/package.json          │ node-pkg │        0        │    -    │
├──────────────────────────────────────────────────────────────────────────────────┼──────────┼─────────────────┼─────────┤
│ usr/local/lib/node_modules/npm/node_modules/validate-npm-package-license/node_m- │ node-pkg │        0        │    -    │
│ odules/spdx-expression-parse/package.json                                        │          │                 │         │
├──────────────────────────────────────────────────────────────────────────────────┼──────────┼─────────────────┼─────────┤
│ usr/local/lib/node_modules/npm/node_modules/validate-npm-package-license/packag- │ node-pkg │        0        │    -    │
│ e.json                                                                           │          │                 │         │
├──────────────────────────────────────────────────────────────────────────────────┼──────────┼─────────────────┼─────────┤
│ usr/local/lib/node_modules/npm/node_modules/validate-npm-package-name/package.j- │ node-pkg │        0        │    -    │
│ son                                                                              │          │                 │         │
├──────────────────────────────────────────────────────────────────────────────────┼──────────┼─────────────────┼─────────┤
│ usr/local/lib/node_modules/npm/node_modules/walk-up-path/package.json            │ node-pkg │        0        │    -    │
├──────────────────────────────────────────────────────────────────────────────────┼──────────┼─────────────────┼─────────┤
│ usr/local/lib/node_modules/npm/node_modules/which/node_modules/isexe/package.js- │ node-pkg │        0        │    -    │
│ on                                                                               │          │                 │         │
├──────────────────────────────────────────────────────────────────────────────────┼──────────┼─────────────────┼─────────┤
│ usr/local/lib/node_modules/npm/node_modules/which/package.json                   │ node-pkg │        0        │    -    │
├──────────────────────────────────────────────────────────────────────────────────┼──────────┼─────────────────┼─────────┤
│ usr/local/lib/node_modules/npm/node_modules/wrap-ansi-cjs/node_modules/ansi-sty- │ node-pkg │        0        │    -    │
│ les/package.json                                                                 │          │                 │         │
├──────────────────────────────────────────────────────────────────────────────────┼──────────┼─────────────────┼─────────┤
│ usr/local/lib/node_modules/npm/node_modules/wrap-ansi-cjs/package.json           │ node-pkg │        0        │    -    │
├──────────────────────────────────────────────────────────────────────────────────┼──────────┼─────────────────┼─────────┤
│ usr/local/lib/node_modules/npm/node_modules/wrap-ansi/node_modules/ansi-regex/p- │ node-pkg │        0        │    -    │
│ ackage.json                                                                      │          │                 │         │
├──────────────────────────────────────────────────────────────────────────────────┼──────────┼─────────────────┼─────────┤
│ usr/local/lib/node_modules/npm/node_modules/wrap-ansi/node_modules/emoji-regex/- │ node-pkg │        0        │    -    │
│ package.json                                                                     │          │                 │         │
├──────────────────────────────────────────────────────────────────────────────────┼──────────┼─────────────────┼─────────┤
│ usr/local/lib/node_modules/npm/node_modules/wrap-ansi/node_modules/string-width- │ node-pkg │        0        │    -    │
│ /package.json                                                                    │          │                 │         │
├──────────────────────────────────────────────────────────────────────────────────┼──────────┼─────────────────┼─────────┤
│ usr/local/lib/node_modules/npm/node_modules/wrap-ansi/node_modules/strip-ansi/p- │ node-pkg │        0        │    -    │
│ ackage.json                                                                      │          │                 │         │
├──────────────────────────────────────────────────────────────────────────────────┼──────────┼─────────────────┼─────────┤
│ usr/local/lib/node_modules/npm/node_modules/wrap-ansi/package.json               │ node-pkg │        0        │    -    │
├──────────────────────────────────────────────────────────────────────────────────┼──────────┼─────────────────┼─────────┤
│ usr/local/lib/node_modules/npm/node_modules/write-file-atomic/package.json       │ node-pkg │        0        │    -    │
├──────────────────────────────────────────────────────────────────────────────────┼──────────┼─────────────────┼─────────┤
│ usr/local/lib/node_modules/npm/node_modules/yallist/package.json                 │ node-pkg │        0        │    -    │
├──────────────────────────────────────────────────────────────────────────────────┼──────────┼─────────────────┼─────────┤
│ usr/local/lib/node_modules/npm/package.json                                      │ node-pkg │        0        │    -    │
└──────────────────────────────────────────────────────────────────────────────────┴──────────┴─────────────────┴─────────┘
Legend:
- '-': Not scanned
- '0': Clean (no security findings detected)


sample-app:latest (alpine 3.21.3)
=================================
Total: 27 (MEDIUM: 21, HIGH: 4, CRITICAL: 2)

┌───────────────┬────────────────┬──────────┬────────┬───────────────────┬───────────────┬──────────────────────────────────────────────────────────────┐
│    Library    │ Vulnerability  │ Severity │ Status │ Installed Version │ Fixed Version │                            Title                             │
├───────────────┼────────────────┼──────────┼────────┼───────────────────┼───────────────┼──────────────────────────────────────────────────────────────┤
│ busybox       │ CVE-2024-58251 │ MEDIUM   │ fixed  │ 1.37.0-r12        │ 1.37.0-r14    │ In netstat in BusyBox through 1.37.0, local users can launch │
│               │                │          │        │                   │               │ of networ...                                                 │
│               │                │          │        │                   │               │ https://avd.aquasec.com/nvd/cve-2024-58251                   │
├───────────────┤                │          │        │                   │               │                                                              │
│ busybox-binsh │                │          │        │                   │               │                                                              │
│               │                │          │        │                   │               │                                                              │
│               │                │          │        │                   │               │                                                              │
├───────────────┼────────────────┼──────────┤        ├───────────────────┼───────────────┼──────────────────────────────────────────────────────────────┤
│ libcrypto3    │ CVE-2025-15467 │ CRITICAL │        │ 3.3.3-r0          │ 3.3.6-r0      │ openssl: OpenSSL: Remote code execution or Denial of Service │
│               │                │          │        │                   │               │ via oversized Initialization...                              │
│               │                │          │        │                   │               │ https://avd.aquasec.com/nvd/cve-2025-15467                   │
│               ├────────────────┼──────────┤        │                   │               ├──────────────────────────────────────────────────────────────┤
│               │ CVE-2025-69419 │ HIGH     │        │                   │               │ openssl: OpenSSL: Arbitrary code execution due to            │
│               │                │          │        │                   │               │ out-of-bounds write in PKCS#12 processing...                 │
│               │                │          │        │                   │               │ https://avd.aquasec.com/nvd/cve-2025-69419                   │
│               ├────────────────┤          │        │                   │               ├──────────────────────────────────────────────────────────────┤
│               │ CVE-2025-69421 │          │        │                   │               │ openssl: OpenSSL: Denial of Service via malformed PKCS#12    │
│               │                │          │        │                   │               │ file processing                                              │
│               │                │          │        │                   │               │ https://avd.aquasec.com/nvd/cve-2025-69421                   │
│               ├────────────────┼──────────┤        │                   │               ├──────────────────────────────────────────────────────────────┤
│               │ CVE-2025-15468 │ MEDIUM   │        │                   │               │ openssl: OpenSSL: Denial of Service via NULL pointer         │
│               │                │          │        │                   │               │ dereference in QUIC protocol...                              │
│               │                │          │        │                   │               │ https://avd.aquasec.com/nvd/cve-2025-15468                   │
│               ├────────────────┤          │        │                   │               ├──────────────────────────────────────────────────────────────┤
│               │ CVE-2025-66199 │          │        │                   │               │ openssl: OpenSSL: Denial of Service due to excessive memory  │
│               │                │          │        │                   │               │ allocation in TLS...                                         │
│               │                │          │        │                   │               │ https://avd.aquasec.com/nvd/cve-2025-66199                   │
│               ├────────────────┤          │        │                   │               ├──────────────────────────────────────────────────────────────┤
│               │ CVE-2025-68160 │          │        │                   │               │ openssl: OpenSSL: Denial of Service due to out-of-bounds     │
│               │                │          │        │                   │               │ write in BIO filter...                                       │
│               │                │          │        │                   │               │ https://avd.aquasec.com/nvd/cve-2025-68160                   │
│               ├────────────────┤          │        │                   │               ├──────────────────────────────────────────────────────────────┤
│               │ CVE-2025-69418 │          │        │                   │               │ openssl: OpenSSL: Information disclosure and data tampering  │
│               │                │          │        │                   │               │ via specific low-level OCB encryption/decryption...          │
│               │                │          │        │                   │               │ https://avd.aquasec.com/nvd/cve-2025-69418                   │
│               ├────────────────┤          │        │                   │               ├──────────────────────────────────────────────────────────────┤
│               │ CVE-2025-69420 │          │        │                   │               │ openssl: OpenSSL: Denial of Service via malformed TimeStamp  │
│               │                │          │        │                   │               │ Response                                                     │
│               │                │          │        │                   │               │ https://avd.aquasec.com/nvd/cve-2025-69420                   │
│               ├────────────────┤          │        │                   ├───────────────┼──────────────────────────────────────────────────────────────┤
│               │ CVE-2025-9230  │          │        │                   │ 3.3.5-r0      │ openssl: Out-of-bounds read & write in RFC 3211 KEK Unwrap   │
│               │                │          │        │                   │               │ https://avd.aquasec.com/nvd/cve-2025-9230                    │
│               ├────────────────┤          │        │                   │               ├──────────────────────────────────────────────────────────────┤
│               │ CVE-2025-9231  │          │        │                   │               │ openssl: Timing side-channel in SM2 algorithm on 64 bit ARM  │
│               │                │          │        │                   │               │ https://avd.aquasec.com/nvd/cve-2025-9231                    │
│               ├────────────────┤          │        │                   ├───────────────┼──────────────────────────────────────────────────────────────┤
│               │ CVE-2026-22795 │          │        │                   │ 3.3.6-r0      │ openssl: OpenSSL: Denial of Service due to type confusion in │
│               │                │          │        │                   │               │ PKCS#12 file...                                              │
│               │                │          │        │                   │               │ https://avd.aquasec.com/nvd/cve-2026-22795                   │
│               ├────────────────┤          │        │                   │               ├──────────────────────────────────────────────────────────────┤
│               │ CVE-2026-22796 │          │        │                   │               │ openssl: OpenSSL: Denial of Service via type confusion in    │
│               │                │          │        │                   │               │ PKCS#7 signature verification...                             │
│               │                │          │        │                   │               │ https://avd.aquasec.com/nvd/cve-2026-22796                   │
├───────────────┼────────────────┼──────────┤        │                   │               ├──────────────────────────────────────────────────────────────┤
│ libssl3       │ CVE-2025-15467 │ CRITICAL │        │                   │               │ openssl: OpenSSL: Remote code execution or Denial of Service │
│               │                │          │        │                   │               │ via oversized Initialization...                              │
│               │                │          │        │                   │               │ https://avd.aquasec.com/nvd/cve-2025-15467                   │
│               ├────────────────┼──────────┤        │                   │               ├──────────────────────────────────────────────────────────────┤
│               │ CVE-2025-69419 │ HIGH     │        │                   │               │ openssl: OpenSSL: Arbitrary code execution due to            │
│               │                │          │        │                   │               │ out-of-bounds write in PKCS#12 processing...                 │
│               │                │          │        │                   │               │ https://avd.aquasec.com/nvd/cve-2025-69419                   │
│               ├────────────────┤          │        │                   │               ├──────────────────────────────────────────────────────────────┤
│               │ CVE-2025-69421 │          │        │                   │               │ openssl: OpenSSL: Denial of Service via malformed PKCS#12    │
│               │                │          │        │                   │               │ file processing                                              │
│               │                │          │        │                   │               │ https://avd.aquasec.com/nvd/cve-2025-69421                   │
│               ├────────────────┼──────────┤        │                   │               ├──────────────────────────────────────────────────────────────┤
│               │ CVE-2025-15468 │ MEDIUM   │        │                   │               │ openssl: OpenSSL: Denial of Service via NULL pointer         │
│               │                │          │        │                   │               │ dereference in QUIC protocol...                              │
│               │                │          │        │                   │               │ https://avd.aquasec.com/nvd/cve-2025-15468                   │
│               ├────────────────┤          │        │                   │               ├──────────────────────────────────────────────────────────────┤
│               │ CVE-2025-66199 │          │        │                   │               │ openssl: OpenSSL: Denial of Service due to excessive memory  │
│               │                │          │        │                   │               │ allocation in TLS...                                         │
│               │                │          │        │                   │               │ https://avd.aquasec.com/nvd/cve-2025-66199                   │
│               ├────────────────┤          │        │                   │               ├──────────────────────────────────────────────────────────────┤
│               │ CVE-2025-68160 │          │        │                   │               │ openssl: OpenSSL: Denial of Service due to out-of-bounds     │
│               │                │          │        │                   │               │ write in BIO filter...                                       │
│               │                │          │        │                   │               │ https://avd.aquasec.com/nvd/cve-2025-68160                   │
│               ├────────────────┤          │        │                   │               ├──────────────────────────────────────────────────────────────┤
│               │ CVE-2025-69418 │          │        │                   │               │ openssl: OpenSSL: Information disclosure and data tampering  │
│               │                │          │        │                   │               │ via specific low-level OCB encryption/decryption...          │
│               │                │          │        │                   │               │ https://avd.aquasec.com/nvd/cve-2025-69418                   │
│               ├────────────────┤          │        │                   │               ├──────────────────────────────────────────────────────────────┤
│               │ CVE-2025-69420 │          │        │                   │               │ openssl: OpenSSL: Denial of Service via malformed TimeStamp  │
│               │                │          │        │                   │               │ Response                                                     │
│               │                │          │        │                   │               │ https://avd.aquasec.com/nvd/cve-2025-69420                   │
│               ├────────────────┤          │        │                   ├───────────────┼──────────────────────────────────────────────────────────────┤
│               │ CVE-2025-9230  │          │        │                   │ 3.3.5-r0      │ openssl: Out-of-bounds read & write in RFC 3211 KEK Unwrap   │
│               │                │          │        │                   │               │ https://avd.aquasec.com/nvd/cve-2025-9230                    │
│               ├────────────────┤          │        │                   │               ├──────────────────────────────────────────────────────────────┤
│               │ CVE-2025-9231  │          │        │                   │               │ openssl: Timing side-channel in SM2 algorithm on 64 bit ARM  │
│               │                │          │        │                   │               │ https://avd.aquasec.com/nvd/cve-2025-9231                    │
│               ├────────────────┤          │        │                   ├───────────────┼──────────────────────────────────────────────────────────────┤
│               │ CVE-2026-22795 │          │        │                   │ 3.3.6-r0      │ openssl: OpenSSL: Denial of Service due to type confusion in │
│               │                │          │        │                   │               │ PKCS#12 file...                                              │
│               │                │          │        │                   │               │ https://avd.aquasec.com/nvd/cve-2026-22795                   │
│               ├────────────────┤          │        │                   │               ├──────────────────────────────────────────────────────────────┤
│               │ CVE-2026-22796 │          │        │                   │               │ openssl: OpenSSL: Denial of Service via type confusion in    │
│               │                │          │        │                   │               │ PKCS#7 signature verification...                             │
│               │                │          │        │                   │               │ https://avd.aquasec.com/nvd/cve-2026-22796                   │
├───────────────┼────────────────┤          │        ├───────────────────┼───────────────┼──────────────────────────────────────────────────────────────┤
│ ssl_client    │ CVE-2024-58251 │          │        │ 1.37.0-r12        │ 1.37.0-r14    │ In netstat in BusyBox through 1.37.0, local users can launch │
│               │                │          │        │                   │               │ of networ...                                                 │
│               │                │          │        │                   │               │ https://avd.aquasec.com/nvd/cve-2024-58251                   │
└───────────────┴────────────────┴──────────┴────────┴───────────────────┴───────────────┴──────────────────────────────────────────────────────────────┘

Node.js (node-pkg)
==================
Total: 5 (MEDIUM: 0, HIGH: 5, CRITICAL: 0)

┌────────────────────────────┬────────────────┬──────────┬────────┬───────────────────┬────────────────┬───────────────────────────────────────────────────────────┐
│          Library           │ Vulnerability  │ Severity │ Status │ Installed Version │ Fixed Version  │                           Title                           │
├────────────────────────────┼────────────────┼──────────┼────────┼───────────────────┼────────────────┼───────────────────────────────────────────────────────────┤
│ cross-spawn (package.json) │ CVE-2024-21538 │ HIGH     │ fixed  │ 7.0.3             │ 7.0.5, 6.0.6   │ cross-spawn: regular expression denial of service         │
│                            │                │          │        │                   │                │ https://avd.aquasec.com/nvd/cve-2024-21538                │
├────────────────────────────┼────────────────┤          │        ├───────────────────┼────────────────┼───────────────────────────────────────────────────────────┤
│ glob (package.json)        │ CVE-2025-64756 │          │        │ 10.4.2            │ 11.1.0, 10.5.0 │ glob: glob: Command Injection Vulnerability via Malicious │
│                            │                │          │        │                   │                │ Filenames                                                 │
│                            │                │          │        │                   │                │ https://avd.aquasec.com/nvd/cve-2025-64756                │
├────────────────────────────┼────────────────┤          │        ├───────────────────┼────────────────┼───────────────────────────────────────────────────────────┤
│ tar (package.json)         │ CVE-2026-23745 │          │        │ 6.2.1             │ 7.5.3          │ node-tar: tar: node-tar: Arbitrary file overwrite and     │
│                            │                │          │        │                   │                │ symlink poisoning via unsanitized linkpaths...            │
│                            │                │          │        │                   │                │ https://avd.aquasec.com/nvd/cve-2026-23745                │
│                            ├────────────────┤          │        │                   ├────────────────┼───────────────────────────────────────────────────────────┤
│                            │ CVE-2026-23950 │          │        │                   │ 7.5.4          │ node-tar: tar: node-tar: Arbitrary file overwrite via     │
│                            │                │          │        │                   │                │ Unicode path collision race condition...                  │
│                            │                │          │        │                   │                │ https://avd.aquasec.com/nvd/cve-2026-23950                │
│                            ├────────────────┤          │        │                   ├────────────────┼───────────────────────────────────────────────────────────┤
│                            │ CVE-2026-24842 │          │        │                   │ 7.5.7          │ node-tar: tar: node-tar: Arbitrary file creation via path │
│                            │                │          │        │                   │                │ traversal bypass in hardlink...                           │
│                            │                │          │        │                   │                │ https://avd.aquasec.com/nvd/cve-2026-24842                │
└────────────────────────────┴────────────────┴──────────┴────────┴───────────────────┴────────────────┴───────────────────────────────────────────────────────────┘

Reports saved:
  JSON: ./security-reports/trivy-report-20260204_203002.json
  Summary: ./security-reports/trivy-summary-20260204_203002.txt

======================================
All Tests Complete
======================================

Step 3: Running code quality check...
======================================
Code Quality Check
======================================

Checking for TODO comments...
TODO comments found: 238

Checking for console.log statements...
console.log statements found: 8

Checking script permissions...
PASS: All scripts are executable

Checking for large files...
Large files (>1MB): 1

======================================
Quality Check Complete
======================================

Step 4: Building latest application version...
#0 building with "default" instance using docker driver

#1 [internal] load build definition from Dockerfile
#1 transferring dockerfile: 994B 0.0s done
#1 DONE 0.1s

#2 [internal] load metadata for docker.io/library/node:18-alpine
#2 DONE 1.2s

#3 [internal] load .dockerignore
#3 transferring context: 488B 0.0s done
#3 DONE 0.0s

#4 [internal] load build context
#4 DONE 0.0s

#5 [1/6] FROM docker.io/library/node:18-alpine@sha256:8d6421d663b4c28fd3ebc498332f249011d118945588d0a35cb9bc4b8ca09d9e
#5 resolve docker.io/library/node:18-alpine@sha256:8d6421d663b4c28fd3ebc498332f249011d118945588d0a35cb9bc4b8ca09d9e 0.1s done
#5 DONE 0.1s

#4 [internal] load build context
#4 transferring context: 247B 0.0s done
#4 DONE 0.0s

#6 [2/6] WORKDIR /app
#6 CACHED

#7 [3/6] COPY package*.json ./
#7 CACHED

#8 [4/6] RUN npm install --production
#8 CACHED

#9 [5/6] COPY src ./src
#9 CACHED

#10 [6/6] RUN addgroup -g 1001 -S nodejs &&     adduser -S nodejs -u 1001 &&     chown -R nodejs:nodejs /app
#10 CACHED

#11 exporting to image
#11 exporting layers 0.0s done
#11 exporting manifest sha256:e4561b475b45530ebcbaf5aa0edb5fd2e5d511689b4cfc0f2cbb092d67a1839a done
#11 exporting config sha256:08e0a107a550b2b925f94835c568a3437cba1a2a50bfd4cffe8bbb186cdbd676 done
#11 exporting attestation manifest sha256:3bdef851ff4cbadf5f9ad013c40f8a50d2999cc28fabd4b7e72f2cb1e17d2469
#11 exporting attestation manifest sha256:3bdef851ff4cbadf5f9ad013c40f8a50d2999cc28fabd4b7e72f2cb1e17d2469 done
#11 exporting manifest list sha256:e10323df4bad7021991c16a1826d57a908ccd412325cc87085b07df452f470e1
#11 exporting manifest list sha256:e10323df4bad7021991c16a1826d57a908ccd412325cc87085b07df452f470e1 0.0s done
#11 naming to docker.io/library/sample-app:latest 0.0s done
#11 unpacking to docker.io/library/sample-app:latest 0.0s done
#11 DONE 0.1s

Step 5: Performing blue-green deployment...
======================================
Blue-Green Deployment Starting
======================================
Current active environment: green
Deploying to: blue environment (port 4000)

Step 1: Building new version...
#0 building with "default" instance using docker driver

#1 [internal] load build definition from Dockerfile
#1 transferring dockerfile: 994B done
#1 DONE 0.0s

#2 [internal] load metadata for docker.io/library/node:18-alpine
#2 DONE 0.5s

#3 [internal] load .dockerignore
#3 transferring context: 488B 0.0s done
#3 DONE 0.0s

#4 [internal] load build context
#4 DONE 0.0s

#5 [1/6] FROM docker.io/library/node:18-alpine@sha256:8d6421d663b4c28fd3ebc498332f249011d118945588d0a35cb9bc4b8ca09d9e
#5 resolve docker.io/library/node:18-alpine@sha256:8d6421d663b4c28fd3ebc498332f249011d118945588d0a35cb9bc4b8ca09d9e 0.1s done
#5 DONE 0.1s

#4 [internal] load build context
#4 transferring context: 247B 0.0s done
#4 DONE 0.0s

#6 [4/6] RUN npm install --production
#6 CACHED

#7 [5/6] COPY src ./src
#7 CACHED

#8 [3/6] COPY package*.json ./
#8 CACHED

#9 [2/6] WORKDIR /app
#9 CACHED

#10 [6/6] RUN addgroup -g 1001 -S nodejs &&     adduser -S nodejs -u 1001 &&     chown -R nodejs:nodejs /app
#10 CACHED

#11 exporting to image
#11 exporting layers 0.0s done
#11 exporting manifest sha256:e4561b475b45530ebcbaf5aa0edb5fd2e5d511689b4cfc0f2cbb092d67a1839a 0.0s done
#11 exporting config sha256:08e0a107a550b2b925f94835c568a3437cba1a2a50bfd4cffe8bbb186cdbd676 done
#11 exporting attestation manifest sha256:92f81413bf76af5558b2f5a9f33a4414f064a5feaf4a448b77805c1398b177a6
#11 exporting attestation manifest sha256:92f81413bf76af5558b2f5a9f33a4414f064a5feaf4a448b77805c1398b177a6 0.1s done
#11 exporting manifest list sha256:a33dd828ae2a959283fa56772c1ba78c6ae641e17a43305beaf36639125168f3 0.0s done
#11 naming to docker.io/library/sample-app:blue
#11 naming to docker.io/library/sample-app:blue 0.0s done
#11 unpacking to docker.io/library/sample-app:blue 0.0s done
#11 DONE 0.3s

Step 2: Stopping old blue container if exists...
sample-app-blue
sample-app-blue

Step 3: Starting blue container...
4f0ec8d51ce22da7c117f81253e8b73c5a771f6db62ef0f77bd9292fe1fd57b7

Step 4: Running health checks...
Starting health check for sample-app-blue on port 4000
Attempt 1/30...
Container not ready yet (HTTP 000), waiting...
Attempt 2/30...
SUCCESS: sample-app-blue is healthy
Health response: {"status":"healthy","uptime":5.52659785,"timestamp":"2026-02-04T15:00:45.892Z"}
Health check PASSED

Step 5: Switching traffic to blue...
Switching traffic to: blue
Reloading NGINX configuration...
Traffic switched to blue successfully

Step 6: Final verification via load balancer...
ERROR: Traffic switch verification failed
======================================
Initiating Rollback
======================================
Current environment: blue
Rolling back to: green
Switching traffic to: green
Reloading NGINX configuration...
Traffic switched to green successfully

======================================
Rollback Complete
======================================
Active environment: green
